{
  "name": "Polish Signs Meleketos",
  "author": "Meleketos",
  "pack_id": "c6deec61-00c3-4c9a-955b-8f7c6a920e71",
  "types": {
    "psm_a": "Znak ostrzegawczy",
    "psm_b": "Coś innego"
  },
  "signs": [
    {
      "id": "a3cf7371-ce50-4cdb-ad4c-1d0520d15a3a",
      "name": "A1",
      "type": "psm_a",
      "front": "psm_a_1.png",
      "back": "psm_a_back.png"
    },
    {
      "id": "dbfe9092-6491-4214-ba09-e8de0b8dcb2d",
      "name": "A2",
      "type": "psm_a",
      "front": "psm_a_2.png",
      "back": "psm_a_back.png",
      "textlines": [
        {
          "label": "Speed",
          "x": 8,
          "y": 12,
          "width": 7,
          "maxlength": 3,
          "xscale": 5,
          "yscale": 5,
          "halign": "center",
          "valign": "center",
          "color": 0

        }
      ]
    },
	{
      "id": "5ef86421-8666-41ac-a1af-d29177044fec",
      "name": "A3",
      "type": "psm_a",
      "front": "psm_a_3.png",
      "back": "psm_a_back.png"
	},
	{
      "id": "ebf3b46f-789e-4d4c-8369-356dc3a08fd1",
      "name": "A4",
      "type": "psm_a",
      "front": "psm_a_4.png",
      "back": "psm_a_back.png"
	},
	{
      "id": "4aa4797f-fb60-4261-b4e3-fd36b3fb721f",
      "name": "A5",
      "type": "psm_a",
      "front": "psm_a_5.png",
      "back": "psm_a_back.png"
	},
	{
      "id": "034d495a-f748-40f6-9440-b00a19cead52",
      "name": "A6a",
      "type": "psm_a",
      "front": "psm_a_6a.png",
      "back": "psm_a_back.png"
	},
	{
      "id": "503a6f16-3947-4c90-86b1-0c42d2f13015",
      "name": "A6b",
      "type": "psm_a",
      "front": "psm_a_6b.png",
      "back": "psm_a_back.png"
	},
	{
      "id": "1b6e6496-9038-43ac-9f58-cbb34a58af46",
      "name": "A6c",
      "type": "psm_a",
      "front": "psm_a_6c.png",
      "back": "psm_a_back.png"
	},
	{
      "id": "07c47101-cb13-4398-8e02-978fec25d440",
      "name": "A6d",
      "type": "psm_a",
      "front": "psm_a_6d.png",
      "back": "psm_a_back.png"
	},
	{
      "id": "4e4de821-16ac-42f7-bdff-49cf30b1799c",
      "name": "A6e",
      "type": "psm_a",
      "front": "psm_a_6e.png",
      "back": "psm_a_back.png"
	},
	{
      "id": "9bf267ab-f13d-4a81-ac3a-612240e7a8d1",
      "name": "A7",
      "type": "psm_a",
      "front": "psm_a_7.png",
      "back": "psm_a7_back.png"
	},
	{
      "id": "ddff7e5e-3d58-4e90-8d1f-f83e4b8c6a09",
      "name": "A8",
      "type": "psm_a",
      "front": "psm_a_8.png",
      "back": "psm_a_back.png"
	},
	{
      "id": "c08a04e0-2ab7-4022-84c2-d817ccc8d769",
      "name": "A9",
      "type": "psm_a",
      "front": "psm_a_9.png",
      "back": "psm_a_back.png"
	},
	{
      "id": "c90e96b07-85a8-438d-9be0-9a028b3c7fe3",
      "name": "A10",
      "type": "psm_a",
      "front": "psm_a_10.png",
      "back": "psm_a_back.png"
	},
	{
      "id": "3c780163-3318-4105-8384-97db61f80061",
      "name": "A11",
      "type": "psm_a",
      "front": "psm_a_11.png",
      "back": "psm_a_back.png"
	},
	{
      "id": "d4ebb8ed-8474-4f4e-bdea-e0a7ff5abe51",
      "name": "A11a",
      "type": "psm_a",
      "front": "psm_a_11a.png",
      "back": "psm_a_back.png"
	},
	{
      "id": "1dd0734c-e97e-4599-abd9-fda742341d3e",
      "name": "A12a",
      "type": "psm_a",
      "front": "psm_a_12a.png",
      "back": "psm_a_back.png"
	},
	{
      "id": "0f2248b0-3205-4b33-8bf9-91873257f262",
      "name": "A12b",
      "type": "psm_a",
      "front": "psm_a_12b.png",
      "back": "psm_a_back.png"
	},
	{
      "id": "48844fd7-89b5-4c2e-b384-18ff544e1514",
      "name": "A12c",
      "type": "psm_a",
      "front": "psm_a_12c.png",
      "back": "psm_a_back.png"
	},
	{
      "id": "c7df0839-ca04-4296-a44c-c24194a4dab2",
      "name": "A13",
      "type": "psm_a",
      "front": "psm_a_13.png",
      "back": "psm_a_back.png"
	},
	{
      "id": "0b2a0758-1b73-4d39-b18a-3f261cbe3c7e",
      "name": "A14",
      "type": "psm_a",
      "front": "psm_a_14.png",
      "back": "psm_a_back.png"
	},
	{
      "id": "dc67c0d2-ddb4-42ff-b7f9-1779e1d56e73",
      "name": "A15",
      "type": "psm_a",
      "front": "psm_a_15.png",
      "back": "psm_a_back.png"
	},
	{
      "id": "4d071b55-3059-4c45-8e03-3ec85dcc662f",
      "name": "A16",
      "type": "psm_a",
      "front": "psm_a_16.png",
      "back": "psm_a_back.png"
	},
	{
      "id": "30369ef1-ddeb-45da-8c06-e44d85a10ad5",
      "name": "A17",
      "type": "psm_a",
      "front": "psm_a_17.png",
      "back": "psm_a_back.png"
	},
	{
      "id": "aa76fc26-809d-4dc9-bf84-ca58c734078c",
      "name": "A18a",
      "type": "psm_a",
      "front": "psm_a_18a.png",
      "back": "psm_a_back.png"
	},
	{
	  "id": "717e5983-91f4-443d-a447-99f9d2a79a7e",
	  "name": "A18b",
	  "type": "psm_a",
	  "front": "psm_a_18b.png",
	  "back": "psm_a_back.png"
	},
	{
	  "id": "dc63164d-e5e3-477c-91e6-563af62e4b47",
	  "name": "A19",
	  "type": "psm_a",
	  "front": "psm_a_19.png",
	  "back": "psm_a_back.png"
	},
	{
	  "id": "a9a0ce6e-5692-482b-983c-8ebd325ad740",
	  "name": "A20",
	  "type": "psm_a",
	  "front": "psm_a_20.png",
	  "back": "psm_a_back.png"
	},
	{
	  "id": "f5979f52-aed3-4106-9fe3-0aa8f89b69bc",
	  "name": "A21",
	  "type": "psm_a",
	  "front": "psm_a_21.png",
	  "back": "psm_a_back.png"
	},
	{
	  "id": "c308c66b-bbee-4ba4-b7b1-286970786a3d",
	  "name": "A22",
	  "type": "psm_a",
	  "front": "psm_a_22.png",
	  "back": "psm_a_back.png"
	},
	{
	  "id": "9d80f843-8e1b-4df3-85a9-1e74a273abd0",
	  "name": "A23",
	  "type": "psm_a",
	  "front": "psm_a_23.png",
	  "back": "psm_a_back.png"
	},
	{
	  "id": "50fa4764-866b-4523-b219-12912fc8b8c0",
	  "name": "A24",
	  "type": "psm_a",
	  "front": "psm_a_24.png",
	  "back": "psm_a_back.png"
	},
	{
	  "id": "1825caaf-5137-456e-9ef5-d7211897bc09",
	  "name": "A25",
	  "type": "psm_a",
	  "front": "psm_a_25.png",
	  "back": "psm_a_back.png"
	},
	{
	  "id": "b62b1086-3150-4073-8a95-067ba4d79dd8",
	  "name": "A26",
	  "type": "psm_a",
	  "front": "psm_a_26.png",
	  "back": "psm_a_back.png"
	},
	{
	  "id": "5dd5c4f3-f326-498c-bc66-558861d92ee1",
	  "name": "A27",
	  "type": "psm_a",
	  "front": "psm_a_27.png",
	  "back": "psm_a_back.png"
	},
	{
	  "id": "28f3b5dd-60a7-477c-bc02-0e1b2c0a83c1",
	  "name": "A28",
	  "type": "psm_a",
	  "front": "psm_a_28.png",
	  "back": "psm_a_back.png"
	},
	{
	  "id": "c9e11b54-7fe0-4339-b088-e6aba21cdc36",
	  "name": "A29",
	  "type": "psm_a",
	  "front": "psm_a_29.png",
	  "back": "psm_a_back.png"
	},
	{
	  "id": "b832e706-eb60-4c68-9500-237d5c3b96ea",
	  "name": "A30",
	  "type": "psm_a",
	  "front": "psm_a_30.png",
	  "back": "psm_a_back.png"
	},
	{
	  "id": "95c246f5-faa5-4f9e-9f30-54c2d39e66c2",
	  "name": "A31",
	  "type": "psm_a",
	  "front": "psm_a_31.png",
	  "back": "psm_a_back.png"
	},
	{
	  "id": "29324c4f-6a71-4c6f-ae19-b63a52c4ab59",
	  "name": "A31 (wariant)",
	  "type": "psm_a",
	  "front": "psm_a_31_alt.png",
	  "back": "psm_a_back.png"
	},
	{
	  "id": "16be442b-bfb3-445f-ba50-49babeb43659",
	  "name": "A32",
	  "type": "psm_a",
	  "front": "psm_a_32.png",
	  "back": "psm_a_back.png"
	},
	{
	  "id": "4e26cfb8-d4c3-4cd8-ba22-c56640164474",
	  "name": "A33",
	  "type": "psm_a",
	  "front": "psm_a_33.png",
	  "back": "psm_a_back.png"
	},
	{
	  "id": "c9e2832e-1c25-402b-a5a2-63397edd4fcc",
	  "name": "A34",
	  "type": "psm_a",
	  "front": "psm_a_34.png",
	  "back": "psm_a_back.png"
	}
  ]
}